#,ama,title,journal,year,volume,issue,pages,doi,pmid,authors
1,"Pacheco JM, Gao D, Smith D. Natural history and factors associated with overall survival in stage IV ALK-rearranged non-small cell lung cancer. J Thorac Oncol Off Publ Int Assoc Study Lung Cancer. 2019;14(4). doi:10.1016/j.jtho.2018.12.014.",Natural history and factors associated with overall survival in stage IV ALK-rearranged non-small cell lung cancer,J Thorac Oncol Off Publ Int Assoc Study Lung Cancer,2019,14,4,,10.1016/j.jtho.2018.12.014,,Pacheco JM; Gao D; Smith D
2,"Smeltzer MP, Wynes MW, Lantuejoul S. The international association for the study of lung cancer global survey on molecular testing in lung cancer. J Thorac Oncol Off Publ Int Assoc Study Lung Cancer. 2020;15(9). doi:10.1016/j.jtho.2020.05.002.",The international association for the study of lung cancer global survey on molecular testing in lung cancer,J Thorac Oncol Off Publ Int Assoc Study Lung Cancer,2020,15,9,,10.1016/j.jtho.2020.05.002,,Smeltzer MP; Wynes MW; Lantuejoul S
3,"Folch E, Mittal A, Oberg C. Robotic bronchoscopy and future directions of interventional pulmonology. Curr Opin Pulm Med. 2022;28(1). doi:10.1097/MCP.0000000000000849.",Robotic bronchoscopy and future directions of interventional pulmonology,Curr Opin Pulm Med,2022,28,1,,10.1097/MCP.0000000000000849,,Folch E; Mittal A; Oberg C
4,"Simoff MJ, Pritchett MA, Reisenauer JS. Shapesensing robotic-assisted bronchoscopy for pulmonary nodules: initial multicenter experience using the Ion™ Endoluminal system. BMC Pulm Med. 2021;21(1):322. doi:10.1186/s12890-021-01693-2.",Shapesensing robotic-assisted bronchoscopy for pulmonary nodules: initial multicenter experience using the Ion™ Endoluminal system,BMC Pulm Med,2021,21,1,322,10.1186/s12890-021-01693-2,,Simoff MJ; Pritchett MA; Reisenauer JS
5,Ost DE. Prospective multicenter analysis of shapesensing robotic-assisted bronchoscopy for the biopsy of pulmonary nodules: results from the PRECiSE study. Chest. 2021;160(4).,Prospective multicenter analysis of shapesensing robotic-assisted bronchoscopy for the biopsy of pulmonary nodules: results from the PRECiSE study,Chest,2021,160,4,,,,Ost DE
6,"Gildea TR, Folch EE, Khandhar SJ. the impact of biopsy tool choice and rapid on-site evaluation on diagnostic accuracy for malignant lesions in the prospective: multicenter NAVIGATE study. J Bronchol Interv Pulmonol. 2021;28(3). doi:10.1097/LBR.0000000000000740.",the impact of biopsy tool choice and rapid on-site evaluation on diagnostic accuracy for malignant lesions in the prospective: multicenter NAVIGATE study,J Bronchol Interv Pulmonol,2021,28,3,,10.1097/LBR.0000000000000740,,Gildea TR; Folch EE; Khandhar SJ
7,"Naso J, Bras J, Villamil C. Cytologic features and diagnostic value of PeriView FLEX transbronchial needle aspiration targeting pulmonary nodules. Cancer Cytopathol. 2020;128(5). doi:10.1002/cncy.22240.",Cytologic features and diagnostic value of PeriView FLEX transbronchial needle aspiration targeting pulmonary nodules,Cancer Cytopathol,2020,128,5,,10.1002/cncy.22240,,Naso J; Bras J; Villamil C
8,"Sánchez-Font A, Chalela R, Martín-Ontiyuelo C. Molecular analysis of peripheral lung adenocarcinoma in brush cytology obtained by EBUS plus fluoroscopy-guided bronchoscopy. Cancer Cytopathol. 2018;126(10). doi:10.1002/cncy.22053.",Molecular analysis of peripheral lung adenocarcinoma in brush cytology obtained by EBUS plus fluoroscopy-guided bronchoscopy,Cancer Cytopathol,2018,126,10,,10.1002/cncy.22053,,Sánchez-Font A; Chalela R; Martín-Ontiyuelo C
9,"Lentz RJ, Argento AC, Colby TV, Rickman OB, Maldonado F. Transbronchial cryobiopsy for diffuse parenchymal lung disease: a state-of-the-art review of procedural techniques, current evidence, and future challenges. J Thorac Dis. 2017;9(7). doi:10.21037/jtd.2017.06.96.","Transbronchial cryobiopsy for diffuse parenchymal lung disease: a state-of-the-art review of procedural techniques, current evidence, and future challenges",J Thorac Dis,2017,9,7,,10.21037/jtd.2017.06.96,,Lentz RJ; Argento AC; Colby TV; Rickman OB; Maldonado F
10,"Oh SS, Wallace WD, Shaikh F, Lynch JP. Transbronchial cryobiopsies. Semin Respir Crit Care Med. 2018;39(6):45. doi:10.1055/s-0038-1676645.",Transbronchial cryobiopsies,Semin Respir Crit Care Med,2018,39,6,45,10.1055/s-0038-1676645,,Oh SS; Wallace WD; Shaikh F; Lynch JP
11,"Matsumoto Y, Nakai T, Tanaka M, Imabayashi T, Tsuchida T, Ohe Y. Diagnostic outcomes and safety of cryobiopsy added to conventional sampling methods: an observational study. Chest. 2021;160(5). doi:10.1016/j.chest.2021.05.015.",Diagnostic outcomes and safety of cryobiopsy added to conventional sampling methods: an observational study,Chest,2021,160,5,,10.1016/j.chest.2021.05.015,,Matsumoto Y; Nakai T; Tanaka M; Imabayashi T; Tsuchida T; Ohe Y
12,"Bhadra K, Setser RM, Condra W, Pritchett MA. Lung navigation ventilation protocol to optimize biopsy of peripheral lung lesions. J Bronchol Interv Pulmonol. 2022;29(1). doi:10.1097/LBR.0000000000000756.",Lung navigation ventilation protocol to optimize biopsy of peripheral lung lesions,J Bronchol Interv Pulmonol,2022,29,1,,10.1097/LBR.0000000000000756,,Bhadra K; Setser RM; Condra W; Pritchett MA
13,"Oh S, Ronaghi R, He T. The safety profile of a protocolized transbronchial cryobiopsy program utilizing a 2.4 mm cryoprobe for interstitial lung disease. Respir Med. 2022;200:106913. doi:10.1016/j.rmed.2022.106913.",The safety profile of a protocolized transbronchial cryobiopsy program utilizing a 2.4 mm cryoprobe for interstitial lung disease,Respir Med,2022,200,,106913,10.1016/j.rmed.2022.106913,,Oh S; Ronaghi R; He T
14,"Folch EE, Mahajan AK, Oberg CL. Standardized definitions of bleeding after transbronchial lung biopsy: a Delphi consensus statement from the Nashville working group. Chest. 2020;158(1). doi:10.1016/j.chest.2020.01.036.",Standardized definitions of bleeding after transbronchial lung biopsy: a Delphi consensus statement from the Nashville working group,Chest,2020,158,1,,10.1016/j.chest.2020.01.036,,Folch EE; Mahajan AK; Oberg CL
15,"Folch E, Yamaguchi N, Vanderlaan PA. Adequacy of lymph node transbronchial needle aspirates using convex probe endobronchial ultrasound for multiple tumor genotyping techniques in non-small-cell lung cancer. J Thorac Oncol Off Publ Int Assoc Study Lung Cancer. 2013;8(11). doi:10.1097/JTO.0b013e3182a471a9.",Adequacy of lymph node transbronchial needle aspirates using convex probe endobronchial ultrasound for multiple tumor genotyping techniques in non-small-cell lung cancer,J Thorac Oncol Off Publ Int Assoc Study Lung Cancer,2013,8,11,,10.1097/JTO.0b013e3182a471a9,,Folch E; Yamaguchi N; Vanderlaan PA
16,"Folch EE, Bowling MR, Pritchett MA. NAVIGATE 24-month results: electromagnetic navigation bronchoscopy for pulmonary lesions at 37 centers in Europe and the United States. J Thorac Oncol Off Publ Int Assoc Study Lung Cancer. 2022;17(4). doi:10.1016/j.jtho.2021.12.008.",NAVIGATE 24-month results: electromagnetic navigation bronchoscopy for pulmonary lesions at 37 centers in Europe and the United States,J Thorac Oncol Off Publ Int Assoc Study Lung Cancer,2022,17,4,,10.1016/j.jtho.2021.12.008,,Folch EE; Bowling MR; Pritchett MA
17,"Wiener RS, Schwartz LM, Woloshin S, Welch HG. Population-based risk for complications after transthoracic needle lung biopsy of a pulmonary nodule: an analysis of discharge records. Ann Intern Med. 2011;155(3). doi:10.7326/0003-4819-155-3-201108020-00003.",Population-based risk for complications after transthoracic needle lung biopsy of a pulmonary nodule: an analysis of discharge records,Ann Intern Med,2011,155,3,,10.7326/0003-4819-155-3-201108020-00003,,Wiener RS; Schwartz LM; Woloshin S; Welch HG
