"R-EBUS . . . . . . . . . . . . . . . . . . . . . . . . 41, 53 - 54, 122"
Radial Endobronchial Ultrasound
Third-Party Compatibility
Radial Endobronchial Ultrasound . . . . . . . 58
Reference area............................ 44
Remove Samples . . . . . . . . . . . . . . . . . . . . . . . . . . 82
Repeat Navigation and Biopsy.............. 82
Repeat Needle Biopsy...................... 82
Reprocessing Cover........................ 27
Room Setup Procedure Room Configuration........... 48
System Cart and Controller Location...... 48
Rotate Views...............................41
